26829,"Aalto, Kari",Suomen Sosialidemokraattinen Puolue,3.192722894766945,-0.2857964212807893
20921,"Ervelä, Mari",Suomen Keskusta,1.8567138467745448,-2.880361742110277
10954,"Haavisto, Jonna",Suomen Keskusta,2.7271046998814956,-0.14655738307930077
15210,"Hietaluoma, Jaakko",Kansallinen Kokoomus,2.4556637152897167,0.40642491552711857
13633,"Juurakko, Samuli",Kansallinen Kokoomus,2.4749268960622204,-0.12231844288538773
9010,"Järvinen, Tiina",Suomen Sosialidemokraattinen Puolue,3.6380592440977444,0.5790586856623734
17228,"Kangas, Kaija",Suomen Keskusta,-0.25115913903713016,-0.45111184653823166
23639,"Kannisto, Jari",Suomen Sosialidemokraattinen Puolue,3.192722894766945,-0.2857964212807893
26822,"Kaskimäki, Veijo",Perussuomalaiset,3.192722894766945,-0.2857964212807893
25608,"Koivumäki, Jyrki",Kansallinen Kokoomus,3.185976413710316,-0.04819313688377269
15486,"Kyyhkyharju, Elina",Suomen Keskusta,-1.065555611689998,-0.5865387457345673
16426,"Laitila, Sami",Suomen Keskusta,2.4624101963463456,0.16882163113010196
13891,"Lentovaara , Joni",Perussuomalaiset,2.1001389564656687,0.369362262526311
26202,"Louhisuo, Jori",Suomen Keskusta,2.295303715048716,-1.7779033507700979
26002,"Mustakoski, Risto",Perussuomalaiset,1.0017847995051465,1.0780577359518846
14544,"Nevala, Eija",Suomen Sosialidemokraattinen Puolue,3.269041523160439,1.017202601455599
21292,"Niemelä, Malle",Suomen Sosialidemokraattinen Puolue,2.4624101963463456,0.16882163113010196
15582,"Raita-aho, Voitto",Suomen Sosialidemokraattinen Puolue,2.9077465456771447,1.0336767380732645
26848,"Rinne, Juha",Suomen Sosialidemokraattinen Puolue,3.6380592440977444,0.5790586856623734
17101,"sairiala, matti",Suomen Keskusta,3.5482476535909924,-0.24873376827998173
21935,"Suominen, Päivi",Suomen Keskusta,3.0893759397621725,-0.3470980144755098
26834,"Tuuliniemi, Kari",Suomen Keskusta,0.36030742919391634,2.5445347370836737
23472,"Törmä, Ilmo",Perussuomalaiset,1.4471211488359461,1.9429128428950473
18808,"Vainionpää, Joni",Suomen Keskusta,-1.686751136446579,-0.12415588974742853
21025,"Viitala, Anne-Marie",Suomen Keskusta,0.0,0.0
8908,"Välimäki, Aarre",Vasemmistoliitto,3.275788004217068,0.7795993170585824
