15494,"Antfolk, Henrik",Suomen ruotsalainen kansanpuolue,-2.0929832734410754,-2.4576299036791887
20498,"Blomqvist, Anna-Kajsa",Suomen ruotsalainen kansanpuolue,-1.2872439423720254,-0.5153326303260926
16714,"Blomstedt, Åsa",Suomen ruotsalainen kansanpuolue,-1.2928461355926595,1.0137581544677368
22461,"Grannas, Peter",Suomen ruotsalainen kansanpuolue,0.8293085140733147,1.377882577456897
8473,"Heinänen, Anja",Suomen Sosialidemokraattinen Puolue,-0.3269675693547129,0.2050002149763907
24857,"Hällbacka, Magnus",Suomen ruotsalainen kansanpuolue,1.5007270697021327,-0.07541066326178977
26726,"Jolkkonen-Porander, Nina",Suomen Keskusta,-3.1445935305180086,-0.14938517106141871
19494,"Kindt, Christina",Suomen ruotsalainen kansanpuolue,1.0629882716870724,-0.7583521707308093
20043,"Lillandt, Tobias Karl-Anton",Suomen ruotsalainen kansanpuolue,-0.413686042146557,0.7606126962983164
21565,"Lillmangs, Eva",Suomen ruotsalainen kansanpuolue,2.7733765750111417,0.4563226368702975
27097,"Pauliina, Andlin",Suomen Keskusta,-3.1445935305180086,-0.14938517106141871
15214,"Ragnäs, Patrick",Suomen ruotsalainen kansanpuolue,1.5303820187912702,-0.1609472442882831
25766,"Rantatalo, Kirsi",Kansallinen Kokoomus,-1.5020237963503578,1.7316415832683754
24175,"Sallinen, Paavo",Vasemmistoliitto,1.4691524248083432,-0.07981177054892659
20853,"Segervall, Mila",Suomen ruotsalainen kansanpuolue,0.9950499424628455,-2.902263420181375
25056,"Storhannus, Carina",Suomen ruotsalainen kansanpuolue,1.1242178656699995,-0.8394876444701659
24918,"Teir, Agneta",Suomen ruotsalainen kansanpuolue,0.23834903698259702,-2.8113889094906677
10789,"Viik-Ingvesgård, Anita",Suomen Kristillisdemokraatit (KD),0.7680789200903877,1.4590180511962534
