18316,"Appel, Mikael",Suomen ruotsalainen kansanpuolue,-0.586898639576817,-0.384958617512778
26015,"Backas, Teresa",Suomen ruotsalainen kansanpuolue,-0.3947623658779653,-2.5310940178404415
24969,"Bengs-Lattunen, Carola",Suomen ruotsalainen kansanpuolue,-0.9423005211658144,-2.539800371343868
15072,"Björkholm, Bernt",Suomen ruotsalainen kansanpuolue,-0.14976242701846335,-0.5835834985980943
25401,"Bäckman, Irene",Suomen ruotsalainen kansanpuolue,-1.8369068277432856,0.8954894951739865
20359,"Dannbom, Ursula",Kansallinen Kokoomus,0.7481577028292659,-2.892635033074106
10338,"Ekström, Anders",Suomen Kristillisdemokraatit (KD),1.452551963554429,1.1014226525259145
21750,"Forsberg, Malin",Suomen ruotsalainen kansanpuolue,1.6839128942457184,-0.30995267285849726
12336,"Knip, Håkan",Suomen ruotsalainen kansanpuolue,1.2381575805482699,1.0023860054105882
23806,"Korpi, Marko",Perussuomalaiset,-1.2311462189205726,0.10402317513248521
11711,"Malm, Stefan",Suomen ruotsalainen kansanpuolue,0.22287765684872435,-0.6561693391345428
20527,"Norrman, Niki",Perussuomalaiset,-2.3282963008860045,1.1574422764376606
22035,"Nygård, Christina",Suomen ruotsalainen kansanpuolue,-0.26016436974795887,-0.7909147331868371
21473,"peltola, sakari",Perussuomalaiset,1.5374642904975129,0.23270216058525112
15320,"Rönnqvist, ""Jonas """"Josip""""""",Suomen ruotsalainen kansanpuolue,-0.30262053321950083,-0.35655448721650546
20520,"Sivula, Johanna",Perussuomalaiset,-1.687226717515976,-0.8162856591833455
24639,"Skinnar, Sture",Suomen ruotsalainen kansanpuolue,0.0,0.0
15420,"Storbacka, Folke",Suomen ruotsalainen kansanpuolue,2.7843767994814073,-0.23713344212183007
13546,"söderholm, johnny",Suomen Sosialidemokraattinen Puolue,-0.586898639576817,-0.384958617512778
21773,"Söderholm, Minna",Suomen ruotsalainen kansanpuolue,0.14954428293077973,-1.3532673434234317
11644,"Turtonen, Mira",Suomen Sosialidemokraattinen Puolue,2.136077710395999,-1.3066655290654234
22123,"West, Markus",Suomen ruotsalainen kansanpuolue,0.5632509348457947,2.2967603898181568
