27226,"Ahoniemi, Ritva-Liisa",Suomen Sosialidemokraattinen Puolue,-1.8673944619869984,3.014928813225413
22827,"Friman, Manu",Vasemmistoliitto,1.8890966043652353,1.1307535405351326
20625,"Heikkilä, Mikael",Suomen Kristillisdemokraatit (KD),0.3698532090778167,1.7381659798015197
24445,"Hirsikangas, Petteri",Kansallinen Kokoomus,-2.80498365795039,2.6310121444728676
23906,"Jauhojärvi, Aki",Vasemmistoliitto,-1.780550887661437,1.8422075364969484
21295,"Keimiöniemi, Anne-Mari",Suomen Keskusta,1.6251674514390366,1.2455143271677658
26204,"Kumpurinne, taneli",Perussuomalaiset,-2.80498365795039,2.6310121444728676
25541,"Kuortti, Anneli",Suomen Sosialidemokraattinen Puolue,-0.152065729920265,3.339310994989713
26134,"Malila, Kari",Suomen Sosialidemokraattinen Puolue,1.2139634181113756,2.791625662632532
25839,"Muotka, Katja",Vasemmistoliitto,1.0886342542525476,3.3521843185988467
26548,"Niemelä, Juha",Kansallinen Kokoomus,-2.9548801989040325,2.942328382707073
20553,"Pöyskö, Heikki",Suomen Keskusta,-2.9548801989040325,2.942328382707073
24254,"Regina, Katja",Suomen Keskusta,-1.5610466911228211,-0.25633931282076206
27188,"Roimaa, Maria",Suomen Kristillisdemokraatit (KD),-0.0021691889666224373,3.0279947567555077
26755,"Sieppi, Maija",Suomen Keskusta,-0.043972484802024814,2.164243004668358
24623,"Silén, Sakari",Suomen Sosialidemokraattinen Puolue,-2.930393545456597,0.03975688821141976
