10236,"Harju-Kivinen, Raija",Suomen Kristillisdemokraatit (KD),0.12285088666541871,0.7685102760559039
15902,"Hautamäki, Hanna",Suomen Keskusta,0.730220532481378,-1.3668836465030685
7118,"Hirsiaho, Nina",Vihreä liitto,1.413299580411458,1.679458416767809
9298,"Ijäs, Kimmo",Perussuomalaiset,1.5364749354644747,-2.4442982134096214
25970,"Kinnunen , Raisa",Suomen Sosialidemokraattinen Puolue,2.1278506087229085,0.5078782874944876
26586,"koikkalainen, ilpo",Vasemmistoliitto,1.7510291968015392,-1.581622374986948
8839,"Kokkonen, Tapio",Suomen Keskusta,-1.418578178654436,-1.9012199828209604
24981,"Lehtonen, Ritva",Vihreä liitto,-1.8959017593812546,1.6998758765785515
25985,"Leinonen, Miska",Suomen Sosialidemokraattinen Puolue,-0.15787062949663774,-1.1567931796833282
19137,"Leppänen, Erja",Kansallinen Kokoomus,0.8671430595651106,-0.2365485156431446
16738,"Leppänen, Tiina",Kansallinen Kokoomus,-0.39262388813281407,1.9331180128330168
13840,"Lesonen, Tuija",Suomen Kristillisdemokraatit (KD),-0.8104594277246837,-0.057568825617510616
13088,"Mäkelä, Olli-Pekka",Suomen Keskusta,0.8585415137358557,-1.441563552542642
26046,"Mäkelä, Seija",Vasemmistoliitto,0.08202825534099961,-0.19762764806181654
9126,"Puhakka, Heikki",Perussuomalaiset,-2.1077845834653144,-0.6331501603488003
13801,"Räisänen, Janne",Vihreä liitto,2.4874689289857694,0.18734887617692852
26359,"Tiainen, Janne",Suomen Keskusta,-1.3522194274833634,-1.9035441136530302
12307,"Tiirola, Mikko",Suomen Keskusta,-1.1123205426457263,-0.9443785820315186
14126,"Toivola, Enni",Kansallinen Kokoomus,0.6186426288982184,-2.400729084164154
26093,"Vulli, Paula",Suomen Sosialidemokraattinen Puolue,1.355082361082449,-0.6317578330002773
26344,"Vuoksenranta, Sami",Perussuomalaiset,1.6480528390476343,-1.410452775748536
13646,"Ylikoski, Hannes",Suomen Keskusta,-2.0048082257114093,-0.8043197595872127
18288,"Ässämäki, Joonas",Suomen Keskusta,-1.5581721429911732,-1.561204915176206
