25208,"Aaltonen, Sari",Suomen Sosialidemokraattinen Puolue,-1.4547105358700603,-0.5055106451697388
14019,"Aerila, Ville",Kansallinen Kokoomus,0.572200562254505,-1.2286298454323985
13600,"Arvonen, Heidi",Suomen Keskusta,2.043050772971855,-0.6639997672800467
25474,"From, Sari",Kansallinen Kokoomus,1.4865318860198549,-0.2058495345875987
26490,"Helminen, Mauri",Kansallinen Kokoomus,0.8710715912194305,-0.9346774650170457
8280,"Hyvärinen, Juha",Perussuomalaiset,1.2298351848153095,-1.9162513161033474
18755,"Joensuu, Jukka-Pekka",Kansallinen Kokoomus,-0.5347588845377225,-1.4376383365538248
22838,"karru, heikki",Suomen Keskusta,0.9782656539400079,-2.2894576595018687
18163,"Malmsten, Taija",Kansallinen Kokoomus,0.597742057929851,0.5879047608307058
14044,"Nurmi, Jyrki",Kansallinen Kokoomus,0.4217467669880077,-1.831307426809421
6751,"Peltomaa, Iiris",Perussuomalaiset,1.2948549197755068,-1.854582109487775
21333,"Pirttinokka, Sinikka",Kansallinen Kokoomus,3.6062423037107076,0.45805203085299095
25252,"Poskiparta, Markku",Suomen Sosialidemokraattinen Puolue,-2.7073911278851863,-0.06737793678236015
24652,"Punna, Miia",Suomen Keskusta,0.8710715912194305,-0.9346774650170457
16491,"Puonti, Mervi",Kansallinen Kokoomus,1.9441731262937945,-0.9257115764769737
15378,"Räsänen, Mikko",Kansallinen Kokoomus,1.7260035075915712,-1.9284743630167043
17487,"Sainio, Arto",Kansallinen Kokoomus,2.268127651389281,0.3551763644789202
13711,"Sainio, Eveliina",Kansallinen Kokoomus,-1.3558328891919997,-0.24379883597281204
26574,"Siivonen, Pekka",Suomen Keskusta,0.7132525366929456,-2.3833674373358678
