27048,"Aguilera Velásquez, Jacqueline Alejandra",Suomen Sosialidemokraattinen Puolue,2.3421218603050926,2.428762526305253
24833,"ekman, erik",Vasemmistoliitto,2.446953557233055,-2.5682188397929373
19140,"Eskola, Päivi",Suomen Keskusta,2.046288509008518,-1.238884366641898
20388,"Hovi, Tiina",Suomen Keskusta,0.7990424692632943,-0.9804837092224052
23805,"Karjalainen, Kullervo",Kansallinen Kokoomus,-1.9933504173005754,-0.30863149060107464
19909,"Kemppainen, Johanna",Suomen Keskusta,3.211270110721741,-0.9648295270330531
21216,"Ketola, Tuomas",Kansallinen Kokoomus,0.49367492365003685,-1.8415755610514681
16904,"Kinnunen, Mikko",Suomen Keskusta,0.7990424692632943,-0.9804837092224052
17975,"Klaavo, Helena",Suomen Keskusta,1.4249496906665762,-0.40843229729330544
18089,"Kodis, Jukka",Suomen Keskusta,1.4337762338715194,1.2484561352616868
20600,"koskela, vesa",Suomen Keskusta,0.35682052132785114,1.5603751582120293
24907,"Kärki, Tuula",Vasemmistoliitto,2.106568027928055,1.1172873722960606
20999,"Lehto, Kauko",Suomen Keskusta,-0.19292739986738708,-2.269080280181218
16489,"Luoma, Minna",Suomen Keskusta,-1.8214082175167774,-1.5770924900624121
26145,"Nieminen, Ilkka",Kansallinen Kokoomus,-1.6373073608543334,-0.9649006424361862
21943,"Nikola, Satu",Suomen Keskusta,0.11244014574587033,-1.407988428352155
27110,"Oikarinen, Juho",Suomen Keskusta,-0.9930394019294254,-1.5425158390701823
10591,"Ojala, Jari",Perussuomalaiset,1.3026134689170186,-0.9112515696075116
24554,"Pietarila, Jussi",Kansallinen Kokoomus,-0.6099576263449054,0.49446060638901507
20997,"Pohjola, Matti",Vasemmistoliitto,1.2625416851994613,-1.9465263389500558
20970,"Ranta, Kaisa",Suomen Keskusta,0.13763186720379514,-1.1853064092163565
26947,"Riihijärvi, Teppo",Suomen Sosialidemokraattinen Puolue,0.06176463491288606,0.1093725753120195
21999,"Ruopsa, Jukka",Suomen Keskusta,-1.8972754498076863,-0.2824135055340362
24990,"Salmenkangas, Riitta-Liisa",Suomen Keskusta,1.7661126848531854,-1.8772941993351626
22031,"Toppila, Ari-Pekka",Suomen Keskusta,-0.08724842428794552,1.6306704474879536
7500,"Turunen, Petri",Perussuomalaiset,1.9582626198389632,-1.8248582292010855
18896,"Vikiö, Laura",Kansallinen Kokoomus,2.331448319419796,-1.6986894844082496
24928,"Vuori, Petri",Vasemmistoliitto,1.313994660914055,-1.2472430325670891
21643,"Yrjänä, Iikka",Suomen Keskusta,-0.16773567840946227,-2.0463982610454194
