19095,"Arponen, veli-matti",Suomen Sosialidemokraattinen Puolue,-0.5779536438577031,0.9796510373623719
11087,"Hirsjärvi, Jaana",Suomen Keskusta,-2.2534615628026664,-0.7195524951225275
11679,"Humalajoki, Olli",Suomen Keskusta,-1.965888320093136,-0.39177590308521104
16913,"Hytönen, Veli",Vasemmistoliitto,-1.8899154049455218,-0.8243222210193749
10173,"Johansson, Tuulia",Perussuomalaiset,2.902665721967199,-0.5624778039444591
16315,"Karjalainen, Tiina",Suomen Keskusta,0.2908644110573171,0.7025993578356746
25754,"Koivunen, Jaakko",Suomen Kristillisdemokraatit (KD),1.3968984742722914,-2.825656282112185
12422,"KUUSENMÄKI, TIINA",Perussuomalaiset,0.09932376016793992,-2.1003395251385553
17961,"Mattila, Samuli",Suomen Keskusta,-1.7928564804952933,-0.5809280829696791
17686,"Muhonen, Jari",Suomen Keskusta,-1.1217357160678665,-1.0990396443478432
20528,"Mäkäräinen, Ilkka",Perussuomalaiset,0.38408984443882777,-0.1373587116642341
16223,"Nieminen, Satu",Perussuomalaiset,-0.9553445259773844,-0.7363398103449108
26769,"Palonen, Harri",Suomen Keskusta,0.4662193991846576,-3.131784030721161
22085,"Pekkarinen, Timo",Suomen Sosialidemokraattinen Puolue,1.965888320093136,0.39177590308521104
15253,"Puustelli, Miko",Suomen Kristillisdemokraatit (KD),2.397936147630254,0.3183335914366369
18739,"Rimmi, Sari",Suomen Sosialidemokraattinen Puolue,-0.2837397516408129,0.7555756155122879
